nces_school_id,state_school_id,nces_district_id,state_district_id,low_grade,high_grade,school_name,district,county_name,street_address,city,state,zip,zip_4-digit,phone,locale_code,locale,charter,students,teachers,student_teacher_ratio,free_lunch,reduced_lunch,directly_certified,type,status
483510012675,TX-043910-043910008,4835100,TX-043910,9,12,ACADEMY H S,PLANO ISD,Collin County,1701 ALMA RD,PLANO,TX,75075,,(972)905-8100,11,City Large,No,298.0,27.73,10.75,42.0,16.0,-,Regular,Open
480789000117,TX-043901-043901001,4807890,TX-043901,9,12,ALLEN H S,ALLEN ISD,Collin County,300 RIVERCREST BLVD,ALLEN,TX,75002,3007.0,(972)727-0400,21,Suburban Large,No,5273.0,275.85,19.12,,,,Regular,Open
480834000207,TX-043902-043902001,4808340,TX-043902,9,12,ANNA H S,ANNA ISD,Collin County,501 S SHERLEY AVE,ANNA,TX,75409,128.0,(972)924-1100,41,Rural Fringe,No,1487.0,89.04,16.7,537.0,163.0,-,Regular,Open
481059000531,TX-043917-043917001,4810590,TX-043917,9,12,BLUE RIDGE H S,BLUE RIDGE ISD,Collin County,11020 CR 504,BLUE RIDGE,TX,75424,2505.0,(972)752-5554,42,Rural Distant,No,296.0,26.37,11.22,137.0,31.0,-,Regular,Open
481329000830,TX-043903-043903001,4813290,TX-043903,9,12,CELINA H S,CELINA ISD,Collin County,3455 N PRESTON RD,CELINA,TX,75009,,(469)742-9102,41,Rural Fringe,No,1176.0,76.71,15.33,202.0,33.0,-,Regular,Open
482001009160,TX-043905-043905002,4820010,TX-043905,9,12,CENTENNIAL H S,FRISCO ISD,Collin County,6901 COIT RD,FRISCO,TX,75035,4912.0,(469)633-5600,21,Suburban Large,No,2035.0,131.68,15.45,170.0,29.0,-,Regular,Open
481485000987,TX-043918-043918001,4814850,TX-043918,9,12,COMMUNITY H S,COMMUNITY ISD,Collin County,P O BOX 400,NEVADA,TX,75173,400.0,(972)843-6500,41,Rural Fringe,No,1182.0,70.64,16.73,564.0,80.0,-,Regular,Open
482001013915,TX-043905-043905013,4820010,TX-043905,9,12,EMERSON H S,FRISCO ISD,Collin County,6300 COLLIN MCKINNEY PKWY,MCKINNEY,TX,75035,,(469)633-8100,21,Suburban Large,No,1763.0,119.4,14.77,286.0,56.0,-,Regular,Open
481908001777,TX-043904-043904001,4819080,TX-043904,9,12,FARMERSVILLE H S,FARMERSVILLE ISD,Collin County,499 HWY 78 N,FARMERSVILLE,TX,75442,472.0,(972)782-7757,42,Rural Distant,No,680.0,43.13,15.77,330.0,42.0,-,Regular,Open
482001001956,TX-043905-043905001,4820010,TX-043905,9,12,FRISCO H S,FRISCO ISD,Collin County,6401 PARKWOOD BLVD,FRISCO,TX,75034,7239.0,(469)633-5500,21,Suburban Large,No,1999.0,133.47,14.98,416.0,74.0,-,Regular,Open
482001012192,TX-043905-043905007,4820010,TX-043905,9,12,HERITAGE H S,FRISCO ISD,Collin County,14040 ELDORADO PKWY,FRISCO,TX,75035,3401.0,(469)633-5900,21,Suburban Large,No,2117.0,135.38,15.64,290.0,41.0,-,Regular,Open
482001013005,TX-043905-043905009,4820010,TX-043905,9,12,INDEPENDENCE H S,FRISCO ISD,Collin County,10555 INDEPENDENCE PKWY,FRISCO,TX,75035,,(469)633-5400,21,Suburban Large,No,1670.0,111.35,15.0,94.0,15.0,-,Regular,Open
482001013095,TX-043905-043905011,4820010,TX-043905,9,12,LEBANON TRAIL H S,FRISCO ISD,Collin County,5515 OHIO DR,FRISCO,TX,75035,,(469)633-6600,21,Suburban Large,No,2110.0,136.84,15.42,288.0,59.0,-,Regular,Open
482001011166,TX-043905-043905006,4820010,TX-043905,9,12,LIBERTY H S,FRISCO ISD,Collin County,15250 ROLATER RD,FRISCO,TX,75035,,(469)633-5800,21,Suburban Large,No,1730.0,123.19,14.04,167.0,38.0,-,Regular,Open
482838010525,TX-043919-043919001,4828380,TX-043919,9,12,LOVEJOY H S,LOVEJOY ISD,Collin County,2350 ESTATES PKWY,LUCAS,TX,75002,,(469)742-8700,21,Suburban Large,No,1596.0,102.18,15.62,,,,Regular,Open
482985010501,TX-043907-043907007,4829850,TX-043907,9,12,MCKINNEY BOYD H S,MCKINNEY ISD,Collin County,600 LK FOREST DR,MCKINNEY,TX,75070,3211.0,(469)302-3400,21,Suburban Large,No,2550.0,153.14,16.65,463.0,83.0,-,Regular,Open
482985003360,TX-043907-043907002,4829850,TX-043907,9,12,MCKINNEY H S,MCKINNEY ISD,Collin County,1400 W WILSON CREEK PKWY,MCKINNEY,TX,75069,5399.0,(469)302-5700,21,Suburban Large,No,2804.0,172.37,16.27,970.0,156.0,-,Regular,Open
482985008731,TX-043907-043907004,4829850,TX-043907,9,12,MCKINNEY NORTH H S,MCKINNEY ISD,Collin County,2550 WILMETH RD,MCKINNEY,TX,75070,,(469)302-4300,21,Suburban Large,No,2311.0,135.22,17.09,559.0,114.0,-,Regular,Open
483012010505,TX-043908-043908001,4830120,TX-043908,9,12,MELISSA H S,MELISSA ISD,Collin County,3030 MILRANY LN,MELISSA,TX,75454,,(972)837-4216,41,Rural Fringe,No,1762.0,111.69,15.78,,,,Regular,Open
482001013470,TX-043905-043905012,4820010,TX-043905,9,12,MEMORIAL H S,FRISCO ISD,Collin County,12300 FRISCO ST,FRISCO,TX,75035,,(469)633-7300,21,Suburban Large,No,1464.0,112.48,13.02,279.0,42.0,-,Regular,Open
483510005796,TX-043910-043910006,4835100,TX-043910,9,12,PLANO EAST SR H S,PLANO ISD,Collin County,3000 LOS RIOS BLVD,PLANO,TX,75074,3513.0,(469)752-9000,11,City Large,No,3050.0,173.14,17.62,942.0,135.0,-,Regular,Open
483585004059,TX-043911-043911001,4835850,TX-043911,9,12,PRINCETON H S,PRINCETON ISD,Collin County,1000 E PRINCETON DR,PRINCETON,TX,75407,1002.0,(469)952-5400,31,Town Fringe,No,1741.0,103.27,16.86,825.0,145.0,-,Regular,Open
483600004064,TX-043912-043912001,4836000,TX-043912,9,12,PROSPER H S,PROSPER ISD,Collin County,301 EAGLE DR,PROSPER,TX,75078,490.0,(469)219-2180,21,Suburban Large,No,3449.0,208.47,16.54,,,,Regular,Open
483600013796,TX-043912-043912005,4836000,TX-043912,9,12,ROCK HILL H S,PROSPER ISD,Collin County,16061 COIT RD,FRISCO,TX,75035,,(469)219-2300,21,Suburban Large,No,2373.0,172.98,13.72,,,,Regular,Open
483600013870,TX-043912-043912006,4836000,TX-043912,9,12,WALNUT GROVE H S,PROSPER ISD,Collin County,3500 E FIRST ST,PROSPER,TX,75078,100.0,(469)219-2000,41,Rural Fringe,No,1716.0,138.78,12.36,,,,Regular,Open
484489005111,TX-044902-044902001,4844890,TX-044902,9,12,WELLINGTON H S,WELLINGTON ISD,Collingsworth County,811 15TH ST,WELLINGTON,TX,79095,3698.0,(806)447-3172,43,Rural Remote,No,164.0,19.44,8.44,77.0,9.0,-,Regular,Open
484653011511,TX-043914-043914003,4846530,TX-043914,9,12,WYLIE EAST H S,WYLIE ISD,Collin County,3000 WYLIE E DR,WYLIE,TX,75098,,(972)429-3150,21,Suburban Large,No,2640.0,151.89,17.38,604.0,119.0,-,Regular,Open
484653005295,TX-043914-043914001,4846530,TX-043914,9,12,WYLIE H S,WYLIE ISD,Collin County,P O BOX 490,WYLIE,TX,75098,490.0,(972)429-3100,21,Suburban Large,No,3095.0,174.06,17.78,642.0,129.0,-,Regular,Open
483702004124,TX-057916-057916005,4837020,TX-057916,9,12,BERKNER H S,RICHARDSON ISD,Dallas County,1600 E SPRING VLY RD,RICHARDSON,TX,75081,5399.0,(469)593-7000,12,City Midsize,No,2312.0,180.07,12.84,1265.0,144.0,-,Regular,Open
481623001242,TX-057905-057905034,4816230,TX-057905,9,12,BOOKER T WASHINGTON SPVA MAGNET,DALLAS ISD,Dallas County,2501 FLORA ST,DALLAS,TX,75201,,(972)925-1200,11,City Large,No,963.0,56.0,17.2,310.0,16.0,-,Regular,Open
481623001205,TX-057905-057905001,4816230,TX-057905,9,12,BRYAN ADAMS H S LEADERSHIP ACADEMY,DALLAS ISD,Dallas County,2101 MILLMAR DR,DALLAS,TX,75228,3399.0,(972)502-4900,11,City Large,No,2253.0,143.77,15.67,1993.0,57.0,-,Regular,Open
481323012181,TX-057904-057904003,4813230,TX-057904,9,12,CEDAR HILL COLLEGIATE H S,CEDAR HILL ISD,Dallas County,1515 W BELTLINE RD,CEDAR HILL,TX,75104,,(469)272-2021,41,Rural Fringe,No,291.0,14.56,19.99,91.0,32.0,-,Regular,Open
481323000823,TX-057904-057904001,4813230,TX-057904,9,12,CEDAR HILL H S,CEDAR HILL ISD,Dallas County,1 LONGHORN BLVD,CEDAR HILL,TX,75104,,(469)272-2000,21,Suburban Large,No,2075.0,141.27,14.69,1100.0,206.0,-,Regular,Open
481623013553,TX-057905-057905383,4816230,TX-057905,9,12,CITYLAB H S,DALLAS ISD,Dallas County,912 S ERVAY ST,DALLAS,TX,75201,,(972)749-2702,11,City Large,No,191.0,16.58,11.52,139.0,8.0,-,Regular,Open
481521001028,TX-057922-057922001,4815210,TX-057922,9,12,COPPELL H S,COPPELL ISD,Dallas County,185 W PKWY BLVD,COPPELL,TX,75019,2229.0,(214)496-6100,21,Suburban Large,No,4013.0,268.27,14.96,,,,Regular,Open
481623001229,TX-057905-057905023,4816230,TX-057905,9,12,DAVID W CARTER H S,DALLAS ISD,Dallas County,1819 W WHEATLAND RD,DALLAS,TX,75232,,(214)932-5700,11,City Large,No,1054.0,73.22,14.39,849.0,19.0,-,Regular,Open
481686001459,TX-057906-057906001,4816860,TX-057906,9,12,DESOTO H S,DESOTO ISD,Dallas County,600 EAGLE DR,DESOTO,TX,75115,6006.0,(972)230-0726,21,Suburban Large,No,2045.0,125.97,16.23,1280.0,51.0,-,Regular,Open
481623001331,TX-057905-057905012,4816230,TX-057905,9,12,DR L G PINKSTON SR H S,DALLAS ISD,Dallas County,2815 BICKERS ST BOX 193,DALLAS,TX,75212,2499.0,(972)502-2700,11,City Large,No,1224.0,74.73,16.38,1086.0,43.0,-,Regular,Open
481623006532,TX-057905-057905090,4816230,TX-057905,9,12,DR WRIGHT L LASSITER JR EARLY COLLEGE H S,DALLAS ISD,Dallas County,701 ELM ST 1ST FLOOR,DALLAS,TX,75202,,(214)860-2356,11,City Large,No,287.0,14.0,20.5,224.0,13.0,-,Regular,Open
481764001524,TX-057907-057907001,4817640,TX-057907,9,12,DUNCANVILLE H S,DUNCANVILLE ISD,Dallas County,900 W CAMP WISDOM,DUNCANVILLE,TX,75116,3099.0,(972)708-3700,21,Suburban Large,No,4607.0,239.51,19.24,2860.0,413.0,-,Regular,Open
481305011190,TX-057903-057903010,4813050,TX-057903,9,12,EARLY COLLEGE H S,CARROLLTON-FARMERS BRANCH ISD,Dallas County,3939 VLY VIEW LN BLDG G,DALLAS,TX,75244,,(972)968-6200,21,Suburban Large,No,356.0,16.53,21.54,195.0,55.0,-,Regular,Open
481623010560,TX-057905-057905028,4816230,TX-057905,9,12,EMMETT J CONRAD H S,DALLAS ISD,Dallas County,7502 FAIR OAKS AVE,DALLAS,TX,75231,,(972)502-2300,11,City Large,No,1275.0,90.71,14.06,1207.0,23.0,-,Regular,Open
481623001343,TX-057905-057905013,4816230,TX-057905,9,12,FRANKLIN D ROOSEVELT H S OF INNOVATION,DALLAS ISD,Dallas County,525 BONNIE VIEW RD,DALLAS,TX,75203,3599.0,(972)925-6800,11,City Large,No,677.0,56.97,11.88,651.0,12.0,-,Regular,Open
482034002024,TX-057909-057909002,4820340,TX-057909,9,12,GARLAND H S,GARLAND ISD,Dallas County,310 S GARLAND AVE,GARLAND,TX,75040,6191.0,(972)494-8492,21,Suburban Large,No,2481.0,151.33,16.39,1539.0,112.0,-,Regular,Open
482142002152,TX-057910-057910002,4821420,TX-057910,9,12,GRAND PRAIRIE H S,GRAND PRAIRIE ISD,Dallas County,101 GOPHER BLVD,GRAND PRAIRIE,TX,75050,3740.0,(972)809-5711,21,Suburban Large,No,2914.0,182.69,15.95,2030.0,315.0,-,Regular,Open
481623001360,TX-057905-057905017,4816230,TX-057905,9,12,H GRADY SPRUCE H S,DALLAS ISD,Dallas County,9733 OLD SEAGOVILLE RD,DALLAS,TX,75217,7798.0,(972)892-5500,11,City Large,No,1460.0,101.66,14.36,1372.0,34.0,-,Regular,Open
482325002357,TX-057911-057911001,4823250,TX-057911,9,12,HIGHLAND PARK H S,HIGHLAND PARK ISD,Dallas County,4220 EMERSON AVE,DALLAS,TX,75205,1099.0,(214)780-3700,21,Suburban Large,No,2177.0,144.24,15.09,,,,Regular,Open
481623001277,TX-057905-057905006,4816230,TX-057905,9,12,HILLCREST H S,DALLAS ISD,Dallas County,9924 HILLCREST RD,DALLAS,TX,75230,5309.0,(972)502-6800,11,City Large,No,1595.0,105.83,15.07,1237.0,24.0,-,Regular,Open
483039008764,TX-057914-057914005,4830390,TX-057914,9,12,HORN H S,MESQUITE ISD,Dallas County,3300 E CARTWRIGHT RD,MESQUITE,TX,75181,,(972)882-5200,41,Rural Fringe,No,2874.0,185.41,15.5,2128.0,90.0,-,Regular,Open
480144012917,TX-057848-057848003,4801440,TX-057848,9,12,ILTEXAS GARLAND H S,INTERNATIONAL LEADERSHIP OF TEXAS (ILTEXAS),Dallas County,4413 N SHILOH RD,GARLAND,TX,75044,,(972)414-3414,21,Suburban Large,Yes,600.0,48.1,12.47,352.0,69.0,-,Regular,Open
480144013759,TX-057848-057848032,4801440,TX-057848,9,12,ILTEXAS LANCASTER DESOTO H S,INTERNATIONAL LEADERSHIP OF TEXAS (ILTEXAS),Dallas County,901 N POLK ST STE 101,DESOTO,TX,75115,,(469)786-2850,21,Suburban Large,Yes,167.0,22.46,7.44,113.0,4.0,-,Regular,Open
481623013331,TX-057905-057905382,4816230,TX-057905,9,12,INNOVATION DESIGN ENTREPRENEURSHIP ACADEMY,DALLAS ISD,Dallas County,4800 ROSS AVE,DALLAS,TX,75204,,(972)794-6800,11,City Large,No,181.0,12.77,14.17,145.0,5.0,-,Regular,Open
482442002726,TX-057912-057912002,4824420,TX-057912,9,12,IRVING H S,IRVING ISD,Dallas County,900 N O CONNOR RD,IRVING,TX,75061,4595.0,(972)600-6300,11,City Large,No,2535.0,155.37,16.32,1964.0,103.0,-,Regular,Open
482442008525,TX-057912-057912006,4824420,TX-057912,9,12,JACK E SINGLEY ACADEMY,IRVING ISD,Dallas County,4601 N MACARTHUR BLVD,IRVING,TX,75038,,(972)600-5300,11,City Large,No,1611.0,105.37,15.29,1147.0,93.0,-,Regular,Open
481623001311,TX-057905-057905032,4816230,TX-057905,9,12,JAMES MADISON H S,DALLAS ISD,Dallas County,3000 MARTIN LUTHER KING JR BLV,DALLAS,TX,75215,2499.0,(972)925-2800,11,City Large,No,388.0,37.69,10.29,364.0,7.0,-,Regular,Open
482142012129,TX-057910-057910010,4821420,TX-057910,9,12,JOHN A DUBISKI CAREER H S,GRAND PRAIRIE ISD,Dallas County,2990 S HWY 161,GRAND PRAIRIE,TX,75052,,(972)343-7800,21,Suburban Large,No,1573.0,83.77,18.78,828.0,244.0,-,Regular,Open
481623005444,TX-057905-057905038,4816230,TX-057905,9,12,JUDGE BAREFOOT SANDERS LAW MAGNET,DALLAS ISD,Dallas County,1201 E EIGHTH ST,DALLAS,TX,75203,2545.0,(972)925-5920,11,City Large,No,480.0,24.0,20.0,382.0,17.0,-,Regular,Open
481623001295,TX-057905-057905008,4816230,TX-057905,9,12,JUSTIN F KIMBALL H S,DALLAS ISD,Dallas County,3606 S WESTMORELAND RD,DALLAS,TX,75233,3016.0,(972)502-2100,11,City Large,No,1255.0,83.79,14.98,1041.0,25.0,-,Regular,Open
481623012028,TX-057905-057905085,4816230,TX-057905,9,12,KATHLYN JOY GILLIAM COLLEGIATE ACADEMY,DALLAS ISD,Dallas County,1700 E CAMP WISDOM,DALLAS,TX,75241,,(214)932-7300,11,City Large,No,337.0,18.84,17.89,234.0,11.0,-,Regular,Open
480026413754,TX-227820-227820030,4800264,TX-227820,9,12,KIPP OAK CLIFF ACADEMY,KIPP TEXAS PUBLIC SCHOOLS,Dallas County,3837 SIMPSON STUART RD,DALLAS,TX,75241,,(972)323-4240,11,City Large,Yes,319.0,26.0,12.27,284.0,4.0,-,Regular,Open
483702004138,TX-057916-057916002,4837020,TX-057916,9,12,LAKE HIGHLANDS H S,RICHARDSON ISD,Dallas County,9449 CHURCH RD,DALLAS,TX,75238,4107.0,(469)593-1000,11,City Large,No,2925.0,209.32,13.97,1451.0,116.0,-,Regular,Open
482034002033,TX-057909-057909005,4820340,TX-057909,9,12,LAKEVIEW CENTENNIAL H S,GARLAND ISD,Dallas County,3505 HAYMAN DR,GARLAND,TX,75043,1999.0,(972)240-3740,21,Suburban Large,No,2142.0,144.05,14.87,1423.0,111.0,-,Regular,Open
482667003003,TX-057913-057913001,4826670,TX-057913,9,12,LANCASTER H S,LANCASTER ISD,Dallas County,200 E WINTERGREEN RD,LANCASTER,TX,75134,1499.0,(972)218-1800,21,Suburban Large,No,2313.0,123.44,18.74,2083.0,178.0,-,Regular,Open
481623001304,TX-057905-057905009,4816230,TX-057905,9,12,LINCOLN HUMANITIES/COMMUNICATIONS MAGNET HIGH SCH,DALLAS ISD,Dallas County,2826 ELSIE FAYE HEGGINS ST,DALLAS,TX,75215,4797.0,(972)925-7600,11,City Large,No,661.0,48.01,13.77,622.0,12.0,-,Regular,Open
482442002733,TX-057912-057912003,4824420,TX-057912,9,12,MACARTHUR H S,IRVING ISD,Dallas County,3700 N MAC ARTHUR BLVD,IRVING,TX,75062,3699.0,(972)600-7200,11,City Large,No,2596.0,154.25,16.83,1871.0,102.0,-,Regular,Open
481623001225,TX-057905-057905033,4816230,TX-057905,9,12,MARVIN E ROBINSON SCHOOL OF BUSINESS AND MGMT,DALLAS ISD,Dallas County,1201 E EIGHTH ST,DALLAS,TX,75203,2545.0,(972)925-5920,11,City Large,No,469.0,27.5,17.05,372.0,20.0,-,Regular,Open
483039003411,TX-057914-057914001,4830390,TX-057914,9,12,MESQUITE H S,MESQUITE ISD,Dallas County,300 E DAVIS ST,MESQUITE,TX,75149,4699.0,(972)882-7800,21,Suburban Large,No,2405.0,176.84,13.6,1946.0,121.0,-,Regular,Open
481623007565,TX-057905-057905005,4816230,TX-057905,9,12,MOISES E MOLINA H S,DALLAS ISD,Dallas County,2355 DUNCANVILLE RD,DALLAS,TX,75211,6532.0,(972)502-1000,11,City Large,No,2017.0,137.45,14.67,1780.0,52.0,-,Regular,Open
482034002036,TX-057909-057909004,4820340,TX-057909,9,12,N GARLAND H S,GARLAND ISD,Dallas County,2109 W BUCKINGHAM RD,GARLAND,TX,75042,5099.0,(972)675-3120,21,Suburban Large,No,2785.0,165.69,16.81,1646.0,120.0,-,Regular,Open
482034006552,TX-057909-057909008,4820340,TX-057909,9,12,NAAMAN FOREST H S,GARLAND ISD,Dallas County,4843 NAAMAN FOREST BLVD,GARLAND,TX,75040,2732.0,(972)675-3091,21,Suburban Large,No,2079.0,126.73,16.4,1234.0,79.0,-,Regular,Open
481623001204,TX-057905-057905003,4816230,TX-057905,9,12,NEW TECH H S AT B F DARRELL H S,DALLAS ISD,Dallas County,4730 LANCASTER RD,DALLAS,TX,75216,,(214)932-7600,11,City Large,No,428.0,25.14,17.02,361.0,11.0,-,Regular,Open
481521011781,TX-057922-057922003,4815210,TX-057922,9,12,NEW TECH H S AT COPPELL,COPPELL ISD,Dallas County,113 SAMUEL BLVD,COPPELL,TX,75019,,(214)496-5900,21,Suburban Large,No,361.0,27.67,13.05,,,,Regular,Open
482442002734,TX-057912-057912004,4824420,TX-057912,9,12,NIMITZ H S,IRVING ISD,Dallas County,100 W OAKDALE,IRVING,TX,75060,6899.0,(972)600-5700,11,City Large,No,2379.0,160.03,14.87,1759.0,89.0,-,Regular,Open
481623001324,TX-057905-057905024,4816230,TX-057905,9,12,NORTH DALLAS H S,DALLAS ISD,Dallas County,3120 N HASKELL AVE,DALLAS,TX,75204,1510.0,(972)925-1500,11,City Large,No,1276.0,83.41,15.3,1092.0,36.0,-,Regular,Open
481623013924,TX-057905-057905387,4816230,TX-057905,9,12,NORTH LAKE EARLY COLLEGE H S,DALLAS ISD,Dallas County,5001 N MACARTHUR BLVD BOX 165,IRVING,TX,75038,,(214)891-1312,11,City Large,No,283.0,16.0,17.69,239.0,7.0,-,Regular,Open
483039003413,TX-057914-057914002,4830390,TX-057914,9,12,NORTH MESQUITE H S,MESQUITE ISD,Dallas County,18201 LBJ FWY,MESQUITE,TX,75150,4191.0,(972)882-7900,21,Suburban Large,No,2100.0,151.04,13.9,1696.0,127.0,-,Regular,Open
483702004148,TX-057916-057916004,4837020,TX-057916,9,12,PEARCE H S,RICHARDSON ISD,Dallas County,1600 N COIT RD,RICHARDSON,TX,75080,2805.0,(469)593-5000,12,City Midsize,No,2453.0,161.23,15.21,825.0,79.0,-,Regular,Open
483039006301,TX-057914-057914004,4830390,TX-057914,9,12,POTEET H S,MESQUITE ISD,Dallas County,3300 POTEET DR,MESQUITE,TX,75150,4760.0,(972)882-5300,21,Suburban Large,No,1527.0,109.68,13.92,1033.0,60.0,-,Regular,Open
481305009190,TX-057903-057903007,4813050,TX-057903,9,12,RANCHVIEW H S,CARROLLTON-FARMERS BRANCH ISD,Dallas County,8401 VLY RANCH PKWY E,IRVING,TX,75063,,(972)968-5000,11,City Large,No,908.0,75.47,12.03,416.0,68.0,-,Regular,Open
483702004151,TX-057916-057916003,4837020,TX-057916,9,12,RICHARDSON H S,RICHARDSON ISD,Dallas County,1250 W BELT LINE RD,RICHARDSON,TX,75080,5898.0,(469)593-3000,12,City Midsize,No,2754.0,205.05,13.43,1212.0,141.0,-,Regular,Open
481623005441,TX-057905-057905037,4816230,TX-057905,9,12,ROSIE SORRELLS EDUCATION AND SOCIAL SERVICES H S,DALLAS ISD,Dallas County,1201 E EIGHTH ST,DALLAS,TX,75203,2545.0,(972)925-5940,11,City Large,No,171.0,17.1,10.0,127.0,4.0,-,Regular,Open
482034007256,TX-057909-057909009,4820340,TX-057909,9,12,ROWLETT H S,GARLAND ISD,Dallas County,4700 KIRBY RD,ROWLETT,TX,75088,5191.0,(972)463-1712,21,Suburban Large,No,2286.0,142.8,16.01,1274.0,65.0,-,Regular,Open
482034002042,TX-057909-057909003,4820340,TX-057909,9,12,S GARLAND H S,GARLAND ISD,Dallas County,600 COLONEL DR,GARLAND,TX,75043,2351.0,(972)926-2700,21,Suburban Large,No,1979.0,134.36,14.73,1569.0,75.0,-,Regular,Open
482034009198,TX-057909-057909010,4820340,TX-057909,9,12,SACHSE H S,GARLAND ISD,Dallas County,3901 MILES RD,SACHSE,TX,75048,4621.0,(972)414-7450,21,Suburban Large,No,2908.0,165.84,17.53,1100.0,196.0,-,Regular,Open
481623005865,TX-057905-057905039,4816230,TX-057905,9,12,SCHOOL FOR THE TALENTED AND GIFTED,DALLAS ISD,Dallas County,1201 E EIGHTH ST,DALLAS,TX,75203,2545.0,(972)925-5970,11,City Large,No,546.0,32.5,16.8,216.0,8.0,-,Regular,Open
481623001273,TX-057905-057905036,4816230,TX-057905,9,12,SCHOOL OF HEALTH PROFESSIONS,DALLAS ISD,Dallas County,1201 E EIGHTH ST,DALLAS,TX,75203,2545.0,(972)925-5930,11,City Large,No,491.0,26.0,18.88,371.0,21.0,-,Regular,Open
481623003641,TX-057905-057905026,4816230,TX-057905,9,12,SCHOOL OF SCIENCE AND ENGINEERING,DALLAS ISD,Dallas County,1201 E EIGHTH ST,DALLAS,TX,75203,2545.0,(972)925-5960,11,City Large,No,495.0,26.0,19.04,302.0,20.0,-,Regular,Open
481623001352,TX-057905-057905015,4816230,TX-057905,9,12,SEAGOVILLE H S,DALLAS ISD,Dallas County,15920 SEAGOVILLE RD,DALLAS,TX,75253,5705.0,(972)892-5900,11,City Large,No,1827.0,121.44,15.04,1588.0,44.0,-,Regular,Open
481623001357,TX-057905-057905025,4816230,TX-057905,9,12,SKYLINE H S,DALLAS ISD,Dallas County,7777 FORNEY RD,DALLAS,TX,75227,2599.0,(972)502-3400,11,City Large,No,3780.0,248.79,15.19,3156.0,95.0,-,Regular,Open
481305000803,TX-057903-057903002,4813050,TX-057903,9,12,SMITH H S,CARROLLTON-FARMERS BRANCH ISD,Dallas County,2335 N JOSEY LN,CARROLLTON,TX,75006,1615.0,(972)968-5200,21,Suburban Large,No,1937.0,140.99,13.74,1139.0,217.0,-,Regular,Open
482142002162,TX-057910-057910003,4821420,TX-057910,9,12,SOUTH GRAND PRAIRIE H S,GRAND PRAIRIE ISD,Dallas County,301 W WARRIOR TRL,GRAND PRAIRIE,TX,75052,5718.0,(972)343-1500,21,Suburban Large,No,3364.0,204.28,16.47,1711.0,364.0,-,Regular,Open
481623001358,TX-057905-057905016,4816230,TX-057905,9,12,SOUTH OAK CLIFF H S,DALLAS ISD,Dallas County,3601 S MARSALIS AVE,DALLAS,TX,75216,5905.0,(214)932-7000,11,City Large,No,1537.0,104.19,14.75,1452.0,32.0,-,Regular,Open
484188011997,TX-057919-057919001,4841880,TX-057919,9,12,SUNNYVALE H S,SUNNYVALE ISD,Dallas County,222 N COLLINS RD,SUNNYVALE,TX,75182,,(972)203-4600,21,Suburban Large,No,733.0,49.72,14.74,100.0,17.0,-,Regular,Open
481623001367,TX-057905-057905018,4816230,TX-057905,9,12,SUNSET H S,DALLAS ISD,Dallas County,2120 W JEFFERSON BLVD,DALLAS,TX,75208,5599.0,(972)502-1500,11,City Large,No,2147.0,132.33,16.22,1914.0,67.0,-,Regular,Open
481623001289,TX-057905-057905007,4816230,TX-057905,9,12,THOMAS JEFFERSON H S,DALLAS ISD,Dallas County,4001 WALNUT HILL LN,DALLAS,TX,75229,6239.0,(972)502-7300,11,City Large,No,1478.0,103.7,14.25,1419.0,32.0,-,Regular,Open
481623011197,TX-057905-057905088,4816230,TX-057905,9,12,TRINIDAD GARZA EARLY COLLEGE AT MT VIEW,DALLAS ISD,Dallas County,4849 ILLINOIS AVE STE W53A,DALLAS,TX,75211,,(214)860-3680,11,City Large,No,456.0,22.15,20.59,395.0,18.0,-,Regular,Open
481305000806,TX-057903-057903001,4813050,TX-057903,9,12,TURNER H S,CARROLLTON-FARMERS BRANCH ISD,Dallas County,1600 JOSEY LN,CARROLLTON,TX,75006,6045.0,(972)968-5400,21,Suburban Large,No,2010.0,143.9,13.97,1149.0,252.0,-,Regular,Open
480003012139,TX-057803-057803010,4800030,TX-057803,9,12,UPLIFT ATLAS PREPARATORY - H S,UPLIFT EDUCATION,Dallas County,3000 PEGASUS PARK DR STE 1100,DALLAS,TX,75247,,(214)821-7325,11,City Large,Yes,499.0,34.5,14.46,403.0,34.0,-,Regular,Open
480003012221,TX-057803-057803002,4800030,TX-057803,9,12,UPLIFT EDUCATION-NORTH HILLS PREP H S,UPLIFT EDUCATION,Dallas County,3000 PEGASUS PARK DR STE 1100,DALLAS,TX,75247,,(972)501-0645,11,City Large,Yes,513.0,32.7,15.69,119.0,21.0,-,Regular,Open
480003013588,TX-057803-057803016,4800030,TX-057803,9,12,UPLIFT GRAND H S,UPLIFT EDUCATION,Dallas County,3000 PEGASUS PARK DR STE 1100,DALLAS,TX,75247,,(972)854-0600,21,Suburban Large,Yes,362.0,14.72,24.59,266.0,44.0,-,Regular,Open
480003012200,TX-057803-057803007,4800030,TX-057803,9,12,UPLIFT HAMPTON PREPARATORY H S,UPLIFT EDUCATION,Dallas County,3000 PEGASUS PARK DR STE 1100,DALLAS,TX,75247,,(214)421-1982,11,City Large,Yes,403.0,30.03,13.42,303.0,33.0,-,Regular,Open
480003013058,TX-057803-057803006,4800030,TX-057803,9,12,UPLIFT HEIGHTS PREPARATORY H S,UPLIFT EDUCATION,Dallas County,3000 PEGASUS PARK DR STE 1100,DALLAS,TX,75247,,(214)442-7094,11,City Large,Yes,495.0,35.08,14.11,382.0,50.0,-,Regular,Open
480003013481,TX-057803-057803013,4800030,TX-057803,9,12,UPLIFT INFINITY H S,UPLIFT EDUCATION,Dallas County,3000 PEGASUS PARK DR STE 1100,DALLAS,TX,75247,,(469)621-9200,11,City Large,Yes,349.0,24.79,14.08,225.0,37.0,-,Regular,Open
480003013197,TX-057803-057803005,4800030,TX-057803,9,12,UPLIFT LUNA PREPARATORY H S,UPLIFT EDUCATION,Dallas County,3000 PEGASUS PARK DR STE 1100,DALLAS,TX,75247,,(214)445-3300,11,City Large,Yes,442.0,31.4,14.08,328.0,49.0,-,Regular,Open
480003012012,TX-057803-057803004,4800030,TX-057803,9,12,UPLIFT WILLIAMS PREPARATORY H S,UPLIFT EDUCATION,Dallas County,3000 PEGASUS PARK DR STE 1100,DALLAS,TX,75247,,(214)276-0352,11,City Large,Yes,603.0,38.37,15.72,480.0,57.0,-,Regular,Open
483039013814,TX-057914-057914006,4830390,TX-057914,9,12,VROONLAND - VANGUARD H S,MESQUITE ISD,Dallas County,4201 FAITHOM P LUCAS SR BLVD,MESQUITE,TX,75181,,(972)882-0001,21,Suburban Large,No,1591.0,92.21,17.25,1195.0,84.0,-,Regular,Open
481623001206,TX-057905-057905002,4816230,TX-057905,9,12,W H ADAMSON H S,DALLAS ISD,Dallas County,309 E NINTH ST,DALLAS,TX,75203,2298.0,(972)749-1400,11,City Large,No,1398.0,98.62,14.18,1335.0,33.0,-,Regular,Open
481623001383,TX-057905-057905021,4816230,TX-057905,9,12,W T WHITE H S,DALLAS ISD,Dallas County,4505 RIDGESIDE DR,DALLAS,TX,75244,7524.0,(972)502-6200,11,City Large,No,2074.0,137.12,15.13,1745.0,53.0,-,Regular,Open
481623001379,TX-057905-057905014,4816230,TX-057905,9,12,W W SAMUELL H S,DALLAS ISD,Dallas County,8928 PALISADE DR,DALLAS,TX,75217,2099.0,(972)892-5100,11,City Large,No,1878.0,125.66,14.95,1752.0,42.0,-,Regular,Open
483039003422,TX-057914-057914003,4830390,TX-057914,9,12,WEST MESQUITE H S,MESQUITE ISD,Dallas County,2500 MEMORIAL PKWY,MESQUITE,TX,75149,3799.0,(972)882-7600,21,Suburban Large,No,2082.0,146.95,14.17,1734.0,94.0,-,Regular,Open
481623012551,TX-057905-057905380,4816230,TX-057905,9,12,WILMER-HUTCHINS H S,DALLAS ISD,Dallas County,5520 LANGDON RD,DALLAS,TX,75241,,(972)925-2900,41,Rural Fringe,No,949.0,63.78,14.88,901.0,16.0,-,Regular,Open
480003014097,TX-057803-057803019,4800030,TX-057803,9,12,WISDOM H S,UPLIFT EDUCATION,Dallas County,3000 PEGASUS PARK DR STE 1100,DALLAS,TX,75247,,(214)653-6900,11,City Large,Yes,369.0,10.98,33.61,298.0,31.0,-,Regular,Open
481623001387,TX-057905-057905022,4816230,TX-057905,9,12,WOODROW WILSON H S,DALLAS ISD,Dallas County,100 S GLASGOW DR,DALLAS,TX,75214,4518.0,(972)502-4400,11,City Large,No,1791.0,118.62,15.1,912.0,37.0,-,Regular,Open
480867008769,TX-061910-061910001,4808670,TX-061910,9,12,ARGYLE H S,ARGYLE ISD,Denton County,6601 CANYON FALLS DR,FLOWER MOUND,TX,76226,989.0,(940)262-7777,41,Rural Fringe,No,1528.0,100.95,15.14,,,,Regular,Open
480891000288,TX-061907-061907001,4808910,TX-061907,9,12,AUBREY H S,AUBREY ISD,Denton County,510 SPRING HILL RD,AUBREY,TX,76227,9619.0,(940)668-3900,31,Town Fringe,No,1039.0,60.98,17.04,248.0,49.0,-,Regular,Open
483318012019,TX-061911-061911007,4833180,TX-061911,9,12,BYRON NELSON H S,NORTHWEST ISD,Denton County,2775 BOBCAT BLVD,TROPHY CLUB,TX,76262,,(817)698-5600,21,Suburban Large,No,2892.0,153.89,18.79,,,,Regular,Open
481305007852,TX-057903-057903006,4813050,TX-057903,9,12,CREEKVIEW H S,CARROLLTON-FARMERS BRANCH ISD,Denton County,3201 OLD DENTON RD,CARROLLTON,TX,75007,3957.0,(972)968-4800,21,Suburban Large,No,1680.0,120.9,13.9,795.0,210.0,-,Regular,Open
481674000657,TX-061901-061901003,4816740,TX-061901,9,12,DENTON H S,DENTON ISD,Denton County,3001 BRONCO WAY,DENTON,TX,76207,,(940)369-2000,12,City Midsize,No,2054.0,152.3,13.49,946.0,184.0,-,Regular,Open
482730008196,TX-061902-061902010,4827300,TX-061902,9,12,FLOWER MOUND H S,LEWISVILLE ISD,Denton County,3411 PETERS COLONY RD,FLOWER MOUND,TX,75022,2808.0,(469)713-5192,21,Suburban Large,No,3442.0,216.08,15.93,248.0,47.0,-,Regular,Open
481674010607,TX-061901-061901007,4816740,TX-061901,9,12,GUYER H S,DENTON ISD,Denton County,7501 TEASLEY LN,DENTON,TX,76210,,(940)369-1000,12,City Midsize,No,2570.0,172.61,14.89,521.0,115.0,-,Regular,Open
482730008195,TX-061902-061902008,4827300,TX-061902,9,12,HEBRON H S,LEWISVILLE ISD,Denton County,4207 PLANO PKWY,CARROLLTON,TX,75010,4205.0,(469)713-5183,21,Suburban Large,No,3673.0,224.67,16.35,806.0,181.0,-,Regular,Open
483318012421,TX-061911-061911010,4833180,TX-061911,9,12,JAMES M STEELE EARLY COLLEGE H S,NORTHWEST ISD,Denton County,606 N WALNUT,FORT WORTH,TX,76262,,(817)698-5800,21,Suburban Large,No,257.0,20.71,12.41,,,,Regular,Open
482598002925,TX-061905-061905001,4825980,TX-061905,9,12,KRUM H S,KRUM ISD,Denton County,1200 BOBCAT BLVD,KRUM,TX,76249,6908.0,(940)482-2601,31,Town Fringe,No,754.0,52.62,14.33,187.0,55.0,-,Regular,Open
482730003072,TX-061902-061902001,4827300,TX-061902,9,12,LEWISVILLE H S,LEWISVILLE ISD,Denton County,1098 W MAIN ST,LEWISVILLE,TX,75067,3518.0,(469)713-5190,21,Suburban Large,No,4162.0,302.17,13.77,2498.0,394.0,-,Regular,Open
482772003111,TX-061914-061914001,4827720,TX-061914,9,12,LITTLE ELM H S,LITTLE ELM ISD,Denton County,1900 WALKER LN,LITTLE ELM,TX,75068,5220.0,(972)947-9443,21,Suburban Large,No,2529.0,148.09,17.08,997.0,283.0,-,Regular,Open
482001012473,TX-043905-043905008,4820010,TX-043905,9,12,LONE STAR H S,FRISCO ISD,Denton County,2606 PANTHER CREEK PKWY,FRISCO,TX,75034,,(469)633-5300,41,Rural Fringe,No,1953.0,128.75,15.17,281.0,56.0,-,Regular,Open
482730005770,TX-061902-061902002,4827300,TX-061902,9,12,MARCUS H S,LEWISVILLE ISD,Denton County,5707 MORRISS RD,FLOWER MOUND,TX,75028,3730.0,(469)713-5196,21,Suburban Large,No,3003.0,193.16,15.55,303.0,63.0,-,Regular,Open
483318003732,TX-061911-061911001,4833180,TX-061911,9,12,NORTHWEST H S,NORTHWEST ISD,Denton County,2301 TEXAN DR,JUSTIN,TX,76247,,(817)215-0200,11,City Large,No,2549.0,143.25,17.79,,,,Regular,Open
482001014188,TX-043905-043905014,4820010,TX-043905,9,12,PANTHER CREEK H S,FRISCO ISD,Denton County,1875 PGA PKWY,FRISCO,TX,75034,,(469)633-6000,41,Rural Fringe,No,1166.0,91.96,12.68,173.0,31.0,-,Regular,Open
483492003929,TX-061903-061903001,4834920,TX-061903,9,12,PILOT POINT H S,PILOT POINT ISD,Denton County,1300 N WASHINGTON,PILOT POINT,TX,76258,4063.0,(940)686-8740,42,Rural Distant,No,457.0,36.93,12.37,162.0,18.0,-,Regular,Open
483531003992,TX-061906-061906001,4835310,TX-061906,9,12,PONDER H S,PONDER ISD,Denton County,400 W BAILEY ST,PONDER,TX,76259,278.0,(940)479-8312,42,Rural Distant,No,536.0,42.89,12.5,178.0,29.0,-,Regular,Open
481674013273,TX-061901-061901008,4816740,TX-061901,9,12,RAY BRASWELL H S,DENTON ISD,Denton County,26750 E UNIVERSITY DR,AUBREY,TX,76227,,(972)347-7700,21,Suburban Large,No,2758.0,179.83,15.34,1077.0,195.0,-,Regular,Open
482001013003,TX-043905-043905010,4820010,TX-043905,9,12,REEDY H S,FRISCO ISD,Denton County,3003 STONEBROOK PKWY,FRISCO,TX,75034,,(469)633-6400,21,Suburban Large,No,2191.0,135.81,16.13,104.0,27.0,-,Regular,Open
481674006976,TX-061901-061901002,4816740,TX-061901,9,12,RYAN H S,DENTON ISD,Denton County,5101 E MCKINNEY,DENTON,TX,76208,4658.0,(940)369-3000,12,City Midsize,No,2156.0,161.25,13.37,1088.0,243.0,-,Regular,Open
483918004468,TX-061908-061908001,4839180,TX-061908,9,12,SANGER H S,SANGER ISD,Denton County,601 ELM ST,SANGER,TX,76266,9635.0,(940)458-7497,41,Rural Fringe,No,824.0,62.5,13.18,279.0,49.0,-,Regular,Open
482730006291,TX-061902-061902004,4827300,TX-061902,9,12,THE COLONY H S,LEWISVILLE ISD,Denton County,4301 BLAIR OAKS DR,THE COLONY,TX,75056,2718.0,(469)713-5178,21,Suburban Large,No,1877.0,137.2,13.68,748.0,148.0,-,Regular,Open
482001010494,TX-043905-043905005,4820010,TX-043905,9,12,WAKELAND H S,FRISCO ISD,Denton County,10700 LEGACY DR,FRISCO,TX,75034,1260.0,(469)633-5700,21,Suburban Large,No,2158.0,129.56,16.66,92.0,22.0,-,Regular,Open
480870013677,TX-220901-220901014,4808700,TX-220901,9,12,ARLINGTON COLLEGE AND CAREER H S,ARLINGTON ISD,Tarrant County,4900 W ARKANSAS LN,ARLINGTON,TX,76016,,(817)515-3550,11,City Large,No,365.0,18.5,19.73,252.0,47.0,-,Regular,Open
480870000232,TX-220901-220901001,4808700,TX-220901,9,12,ARLINGTON H S,ARLINGTON ISD,Tarrant County,818 W PARK ROW,ARLINGTON,TX,76013,3996.0,(682)867-8100,11,City Large,No,2501.0,160.87,15.55,1532.0,209.0,-,Regular,Open
481970001830,TX-220905-220905002,4819700,TX-220905,9,12,ARLINGTON HEIGHTS H S,FORT WORTH ISD,Tarrant County,4501 W FWY,FORT WORTH,TX,76107,5499.0,(817)815-1000,11,City Large,No,1940.0,118.23,16.41,1262.0,58.0,-,Regular,Open
480920000382,TX-220915-220915001,4809200,TX-220915,9,12,AZLE H S,AZLE ISD,Tarrant County,1200 BOYD RD,AZLE,TX,76020,2599.0,(817)444-5555,41,Rural Fringe,No,2147.0,145.44,14.76,828.0,111.0,-,Regular,Open
481023008368,TX-220902-220902010,4810230,TX-220902,9,12,BIRDVILLE H S,BIRDVILLE ISD,Tarrant County,9100 MID CITIES BLVD,NORTH RICHLAND HILLS,TX,76180,4800.0,(817)547-8000,21,Suburban Large,No,2097.0,127.38,16.46,822.0,126.0,-,Regular,Open
481770001531,TX-220918-220918001,4817700,TX-220918,9,12,BOSWELL H S,EAGLE MT-SAGINAW ISD,Tarrant County,5805 W BAILEY BOSWELL RD,FORT WORTH,TX,76179,4808.0,(817)237-3314,11,City Large,No,2683.0,146.05,18.37,950.0,154.0,-,Regular,Open
480870021493,TX-220901-220901004,4808700,TX-220901,9,12,BOWIE H S,ARLINGTON ISD,Tarrant County,2101 HIGHBANK DR,ARLINGTON,TX,76018,1980.0,(682)867-4400,11,City Large,No,2355.0,157.89,14.92,1535.0,213.0,-,Regular,Open
484554005175,TX-220920-220920001,4845540,TX-220920,9,12,BREWER H S,WHITE SETTLEMENT ISD,Tarrant County,1025 W LOOP 820 N,FORT WORTH,TX,76108,,(817)367-1200,11,City Large,No,2172.0,132.0,16.45,1040.0,227.0,-,Regular,Open
481970001839,TX-220905-220905001,4819700,TX-220905,9,12,CARTER-RIVERSIDE H S,FORT WORTH ISD,Tarrant County,3301 YUCCA AVE,FORT WORTH,TX,76111,4836.0,(817)814-9000,11,City Large,No,1030.0,65.58,15.71,819.0,53.0,-,Regular,Open
482526009380,TX-220907-220907004,4825260,TX-220907,9,12,CENTRAL H S,KELLER ISD,Tarrant County,9450 RAY WHITE RD,KELLER,TX,76244,,(817)744-2000,11,City Large,No,2542.0,168.57,15.08,692.0,155.0,-,Regular,Open
481770012760,TX-220918-220918006,4817700,TX-220918,9,12,CHISHOLM TRAIL H S,EAGLE MT-SAGINAW ISD,Tarrant County,3100 NW COLLEGE DR,FORT WORTH,TX,76179,,(817)232-7112,11,City Large,No,2501.0,158.3,15.8,1068.0,193.0,-,Regular,Open
482166007439,TX-220906-220906004,4821660,TX-220906,9,12,COLLEYVILLE HERITAGE H S,GRAPEVINE-COLLEYVILLE ISD,Tarrant County,5401 HERITAGE AVE,COLLEYVILLE,TX,76034,5919.0,(817)305-4700,21,Suburban Large,No,1812.0,122.87,14.75,,,,Regular,Open
481591001155,TX-220912-220912001,4815910,TX-220912,9,12,CROWLEY H S,CROWLEY ISD,Tarrant County,1005 W MAIN ST,CROWLEY,TX,76036,2999.0,(817)297-5810,21,Suburban Large,No,2492.0,174.9,14.25,1621.0,227.0,-,Regular,Open
481970001851,TX-220905-220905004,4819700,TX-220905,9,12,DIAMOND HILL-JARVIS H S,FORT WORTH ISD,Tarrant County,1411 MAYDELL ST,FORT WORTH,TX,76106,4596.0,(817)815-0000,11,City Large,No,926.0,70.18,13.19,836.0,34.0,-,Regular,Open
481970001853,TX-220905-220905005,4819700,TX-220905,9,12,DUNBAR H S,FORT WORTH ISD,Tarrant County,5700 RAMEY AVE,FORT WORTH,TX,76112,7999.0,(817)815-3000,11,City Large,No,860.0,56.18,15.31,751.0,28.0,-,Regular,Open
481970001857,TX-220905-220905006,4819700,TX-220905,9,12,EASTERN HILLS H S,FORT WORTH ISD,Tarrant County,5701 SHELTON ST,FORT WORTH,TX,76112,3999.0,(817)815-4000,11,City Large,No,1184.0,64.21,18.44,1010.0,33.0,-,Regular,Open
482526007119,TX-220907-220907002,4825260,TX-220907,9,12,FOSSIL RIDGE H S,KELLER ISD,Tarrant County,4101 THOMPSON RD,KELLER,TX,76244,,(817)744-1700,11,City Large,No,2241.0,155.71,14.39,990.0,229.0,-,Regular,Open
482166002183,TX-220906-220906001,4821660,TX-220906,9,12,GRAPEVINE H S,GRAPEVINE-COLLEYVILLE ISD,Tarrant County,3223 MUSTANG DR,GRAPEVINE,TX,76051,5998.0,(817)251-5210,13,City Small,No,1749.0,125.5,13.94,,,,Regular,Open
482166013073,TX-220906-220906008,4821660,TX-220906,9,12,GRAPEVINE-COLLEYVILLE COLLEGIATE ACADEMY AT TCC NE,GRAPEVINE-COLLEYVILLE ISD,Tarrant County,828 W HARWOOD BLDG NMPC,HURST,TX,76054,,(817)515-6775,21,Suburban Large,No,360.0,14.24,25.28,128.0,37.0,-,Regular,Open
481023000489,TX-220902-220902001,4810230,TX-220902,9,12,HALTOM H S,BIRDVILLE ISD,Tarrant County,5501 N HALTOM RD,HALTOM CITY,TX,76137,2897.0,(817)547-6000,21,Suburban Large,No,2755.0,170.27,16.18,1724.0,204.0,-,Regular,Open
480144013191,TX-057848-057848006,4801440,TX-057848,9,12,ILTEXAS ARLINGTON-GRAND PRAIRIE H S,INTERNATIONAL LEADERSHIP OF TEXAS (ILTEXAS),Tarrant County,2851 RAGLAND RD,GRAND PRAIRIE,TX,75052,,(682)808-5960,21,Suburban Large,Yes,757.0,52.01,14.55,488.0,87.0,-,Regular,Open
480144013260,TX-057848-057848009,4801440,TX-057848,9,12,ILTEXAS KELLER SAGINAW H S,INTERNATIONAL LEADERSHIP OF TEXAS (ILTEXAS),Tarrant County,10537 NW HWY 287,FORT WORTH,TX,76131,,(682)250-3701,11,City Large,Yes,809.0,55.91,14.47,358.0,80.0,-,Regular,Open
481970013388,TX-220905-220905087,4819700,TX-220905,9,12,IM TERRELL ACADEMY FOR STEM AND VPA,FORT WORTH ISD,Tarrant County,1900 IM TERRELL WAY,FORT WORTH,TX,76102,,(817)814-2350,11,City Large,No,454.0,36.41,12.47,216.0,8.0,-,Regular,Open
482526002822,TX-220907-220907001,4825260,TX-220907,9,12,KELLER H S,KELLER ISD,Tarrant County,601 N PATE ORR RD,KELLER,TX,76248,4299.0,(817)744-1400,21,Suburban Large,No,3023.0,180.28,16.77,225.0,35.0,-,Regular,Open
482550002839,TX-220914-220914001,4825500,TX-220914,9,12,KENNEDALE H S,KENNEDALE ISD,Tarrant County,901 WILDCAT WAY,KENNEDALE,TX,76060,,(817)563-8100,21,Suburban Large,No,1005.0,66.62,15.09,419.0,64.0,-,Regular,Open
482649002978,TX-220910-220910001,4826490,TX-220910,9,12,LAKE WORTH H S,LAKE WORTH ISD,Tarrant County,4210 BOAT CLUB RD,LAKE WORTH,TX,76135,2899.0,(817)306-4230,21,Suburban Large,No,961.0,70.76,13.58,801.0,35.0,-,Regular,Open
480870000253,TX-220901-220901003,4808700,TX-220901,9,12,LAMAR H S,ARLINGTON ISD,Tarrant County,1400 W LAMAR BLVD,ARLINGTON,TX,76012,1799.0,(682)867-8300,11,City Large,No,2479.0,167.39,14.81,1697.0,210.0,-,Regular,Open
482892012371,TX-220908-220908008,4828920,TX-220908,9,12,MANSFIELD FRONTIER STEM ACADEMY,MANSFIELD ISD,Tarrant County,1120 W DEBBIE LN,MANSFIELD,TX,76063,,(682)314-1600,21,Suburban Large,No,307.0,22.61,13.58,60.0,12.0,-,Regular,Open
482892009383,TX-220908-220908003,4828920,TX-220908,9,12,MANSFIELD H S,MANSFIELD ISD,Tarrant County,3001 E BROAD ST,MANSFIELD,TX,76063,,(682)314-0100,21,Suburban Large,No,2593.0,145.61,17.81,774.0,156.0,-,Regular,Open
482892011441,TX-220908-220908007,4828920,TX-220908,9,12,MANSFIELD LAKE RIDGE H S,MANSFIELD ISD,Tarrant County,101 N DAY MIAR RD,MANSFIELD,TX,76063,,(682)314-0400,21,Suburban Large,No,2772.0,153.97,18.0,695.0,169.0,-,Regular,Open
482892011334,TX-220908-220908005,4828920,TX-220908,9,12,MANSFIELD LEGACY H S,MANSFIELD ISD,Tarrant County,1263 N MAIN,MANSFIELD,TX,76063,,(682)314-0600,21,Suburban Large,No,2539.0,147.46,17.22,1055.0,187.0,-,Regular,Open
482892009049,TX-220908-220908002,4828920,TX-220908,9,12,MANSFIELD SUMMIT H S,MANSFIELD ISD,Tarrant County,1071 TURNER WARNELL RD,ARLINGTON,TX,76001,8501.0,(682)314-0800,11,City Large,No,1771.0,120.81,14.66,1054.0,175.0,-,Regular,Open
482892011022,TX-220908-220908004,4828920,TX-220908,9,12,MANSFIELD TIMBERVIEW H S,MANSFIELD ISD,Tarrant County,7700 S WATSON RD,ARLINGTON,TX,76002,,(682)314-1300,11,City Large,No,1827.0,125.3,14.58,915.0,165.0,-,Regular,Open
481970013114,TX-220905-220905085,4819700,TX-220905,9,12,MARINE CREEK COLLEGIATE H S,FORT WORTH ISD,Tarrant County,4801 MARINE CREEK PKWY,FORT WORTH,TX,76107,3010.0,(817)515-7784,11,City Large,No,334.0,17.81,18.75,251.0,15.0,-,Regular,Open
480870005643,TX-220901-220901005,4808700,TX-220901,9,12,MARTIN H S,ARLINGTON ISD,Tarrant County,4501 W PLEASANT RIDGE RD,ARLINGTON,TX,76016,3499.0,(682)867-8600,11,City Large,No,3670.0,208.03,17.64,1349.0,247.0,-,Regular,Open
481591008040,TX-220912-220912002,4815910,TX-220912,9,12,NORTH CROWLEY H S,CROWLEY ISD,Tarrant County,9100 S HULEN,FORT WORTH,TX,76123,,(817)263-1250,11,City Large,No,2933.0,205.95,14.24,1846.0,301.0,-,Regular,Open
481970001893,TX-220905-220905008,4819700,TX-220905,9,12,NORTH SIDE H S,FORT WORTH ISD,Tarrant County,2211 MCKINLEY AVE,FORT WORTH,TX,76164,,(817)814-4000,11,City Large,No,1721.0,113.32,15.19,1516.0,90.0,-,Regular,Open
481970001894,TX-220905-220905016,4819700,TX-220905,9,12,O D WYATT H S,FORT WORTH ISD,Tarrant County,2400 E SEMINARY DR,FORT WORTH,TX,76119,5598.0,(817)815-8000,11,City Large,No,1570.0,94.85,16.55,1392.0,57.0,-,Regular,Open
481970001897,TX-220905-220905010,4819700,TX-220905,9,12,PASCHAL H S,FORT WORTH ISD,Tarrant County,3001 FOREST PARK BLVD,FORT WORTH,TX,76110,2895.0,(817)814-5000,11,City Large,No,2147.0,130.26,16.48,1217.0,57.0,-,Regular,Open
481970001901,TX-220905-220905009,4819700,TX-220905,9,12,POLYTECHNIC H S,FORT WORTH ISD,Tarrant County,1300 CONNER AVE,FORT WORTH,TX,76105,1493.0,(817)814-0000,11,City Large,No,1382.0,80.25,17.22,1233.0,44.0,-,Regular,Open
481023000495,TX-220902-220902002,4810230,TX-220902,9,12,RICHLAND H S,BIRDVILLE ISD,Tarrant County,5201 E HOLIDAY LN,NORTH RICHLAND HILLS,TX,76180,6799.0,(817)547-7000,21,Suburban Large,No,2002.0,129.23,15.49,908.0,138.0,-,Regular,Open
481770011031,TX-220918-220918004,4817700,TX-220918,9,12,SAGINAW H S,EAGLE MT-SAGINAW ISD,Tarrant County,800 N BLUE MOUND RD,SAGINAW,TX,76131,,(817)306-0914,21,Suburban Large,No,2202.0,145.31,15.15,921.0,188.0,-,Regular,Open
480870000249,TX-220901-220901002,4808700,TX-220901,9,12,SAM HOUSTON H S,ARLINGTON ISD,Tarrant County,2000 SAM HOUSTON DR,ARLINGTON,TX,76014,1699.0,(682)867-8200,11,City Large,No,3177.0,204.1,15.57,2765.0,137.0,-,Regular,Open
480870009374,TX-220901-220901009,4808700,TX-220901,9,12,SEGUIN H S,ARLINGTON ISD,Tarrant County,7001 SILO RD,ARLINGTON,TX,76002,,(682)867-6700,11,City Large,No,1562.0,119.77,13.04,1008.0,155.0,-,Regular,Open
481970008026,TX-220905-220905003,4819700,TX-220905,9,12,SOUTH HILLS H S,FORT WORTH ISD,Tarrant County,6101 MCCART,FORT WORTH,TX,76133,3317.0,(817)814-7000,11,City Large,No,1876.0,119.48,15.7,1566.0,64.0,-,Regular,Open
481970001913,TX-220905-220905014,4819700,TX-220905,9,12,SOUTHWEST H S,FORT WORTH ISD,Tarrant County,4100 ALTAMESA BLVD,FORT WORTH,TX,76133,5499.0,(817)814-8000,11,City Large,No,1186.0,90.8,13.06,929.0,49.0,-,Regular,Open
481970013383,TX-220905-220905086,4819700,TX-220905,9,12,TARRANT CO COLLEGE SOUTH/FORT WORTH COLLEGIATE H S,FORT WORTH ISD,Tarrant County,100 N UNIVERSITY DR,FORT WORTH,TX,76107,3010.0,(817)814-2000,11,City Large,No,340.0,18.38,18.5,232.0,15.0,-,Regular,Open
482892013423,TX-220908-220908009,4828920,TX-220908,9,12,TCCSE EARLY COLLEGE H S AT TIMBERVIEW,MANSFIELD ISD,Tarrant County,7700 S WATSON RD,ARLINGTON,TX,76002,,(682)314-1300,11,City Large,No,273.0,11.85,23.04,113.0,31.0,-,Regular,Open
481970012338,TX-220905-220905082,4819700,TX-220905,9,12,TEXAS ACADEMY OF BIOMEDICAL,FORT WORTH ISD,Tarrant County,300 TRINITY CAMPUS CIRCLE TRWF 4TH FLOO,FORT WORTH,TX,76102,,(817)515-1660,11,City Large,No,368.0,21.09,17.45,266.0,11.0,-,Regular,Open
482526011897,TX-220907-220907005,4825260,TX-220907,9,12,TIMBER CREEK H S,KELLER ISD,Tarrant County,12350 TIMBERLAND BLVD,FORT WORTH,TX,76244,,(817)744-2300,11,City Large,No,3026.0,199.47,15.17,711.0,127.0,-,Regular,Open
481970001920,TX-220905-220905011,4819700,TX-220905,9,12,TRIMBLE TECHNICAL H S,FORT WORTH ISD,Tarrant County,1003 W CANNON ST,FORT WORTH,TX,76104,3086.0,(817)815-2500,11,City Large,No,1739.0,106.9,16.27,1462.0,85.0,-,Regular,Open
480003013482,TX-057803-057803014,4800030,TX-057803,9,12,UPLIFT MIGHTY H S,UPLIFT EDUCATION,Tarrant County,3000 PEGASUS PARK DR STE 1100,DALLAS,TX,75247,,(817)288-3800,11,City Large,Yes,412.0,26.77,15.39,346.0,22.0,-,Regular,Open
480003012175,TX-057803-057803009,4800030,TX-057803,9,12,UPLIFT SUMMIT INTERNATIONAL H S,UPLIFT EDUCATION,Tarrant County,3000 PEGASUS PARK DR STE 1100,DALLAS,TX,75247,,(817)287-5121,11,City Large,Yes,434.0,30.32,14.31,283.0,46.0,-,Regular,Open
483318013139,TX-061911-061911011,4833180,TX-061911,9,12,V R EATON H S,NORTHWEST ISD,Tarrant County,1350 EAGLE DR,FORT WORTH,TX,76052,,(817)698-3955,11,City Large,No,3262.0,171.31,19.04,,,,Regular,Open
481970001932,TX-220905-220905015,4819700,TX-220905,9,12,WESTERN HILLS H S,FORT WORTH ISD,Tarrant County,3600 BOSTON AVE,FORT WORTH,TX,76116,6999.0,(817)815-6000,21,Suburban Large,No,889.0,69.37,12.82,705.0,36.0,-,Regular,Open
